<?xml version="1.0" encoding="UTF-8"?>
<project-private xmlns="http://www.netbeans.org/ns/project-private/1">
    <editor-bookmarks xmlns="http://www.netbeans.org/ns/editor-bookmarks/2" lastBookmarkId="0"/>
    <open-files xmlns="http://www.netbeans.org/ns/projectui-open-files/2">
        <group>
            <file>file:/C:/Users/KARTIKI/OneDrive/Desktop/New%20Folder/javaproject/src/ReagentsPage.java</file>
            <file>file:/C:/Users/KARTIKI/OneDrive/Desktop/New%20Folder/javaproject/src/hospitallaboratory.java</file>
            <file>file:/C:/Users/KARTIKI/OneDrive/Desktop/New%20Folder/javaproject/src/BiologicalSamplePage.java</file>
            <file>file:/C:/Users/KARTIKI/OneDrive/Desktop/New%20Folder/javaproject/src/LaboratoryEquipmentPage.java</file>
            <file>file:/C:/Users/KARTIKI/OneDrive/Desktop/New%20Folder/javaproject/src/ConsumablesPage.java</file>
        </group>
    </open-files>
</project-private>
